[
    {
        "Administration": "Alivisatos",
        "Publication": "Maroon",
        "Date of Event": 1730246400000,
        "Source": "UChicago Launches\nInstitute for\nClimate and\nSustainable Growth",
        "Link": "https://chicagomaroon.com/44590/news/uchicago-launches-institute-for-climate-and-sustainable-growth/",
        "Movement": "Fossil fuels",
        "Actor": "EJTF",
        "Type of Action": "Protest",
        "Target of action": "General",
        "Admin Response": null,
        "Notes": null,
        "Include": 1.0,
        "Placeholder": 1,
        "Year": 2024,
        "Day": 1730246400000
    },
    {
        "Administration": "Alivisatos",
        "Publication": "Maroon",
        "Date of Event": 1729987200000,
        "Source": "We\u2019re Turning Our\nBacks to You!",
        "Link": "https://chicagomaroon.com/44383/viewpoints/letter/were-turning-our-backs-to-you/",
        "Movement": "Palestine",
        "Actor": "SJP",
        "Type of Action": "Protest",
        "Target of action": "General",
        "Admin Response": null,
        "Notes": null,
        "Include": 1.0,
        "Placeholder": 1,
        "Year": 2024,
        "Day": 1729987200000
    },
    {
        "Administration": "Alivisatos",
        "Publication": "Maroon",
        "Date of Event": 1729728000000,
        "Source": "UChicago Undergrad\nCharged for Battery\nof CPD Officer at\npro-Palestine\nProtest",
        "Link": "https://chicagomaroon.com/44364/news/uchicago-undergrad-charged-for-battery-of-cpd-officer-at-pro-palestine-protest/",
        "Movement": "Palestine",
        "Actor": "SJP",
        "Type of Action": "Protest",
        "Target of action": "General",
        "Admin Response": "Arrest/punish",
        "Notes": null,
        "Include": 1.0,
        "Placeholder": 1,
        "Year": 2024,
        "Day": 1729728000000
    },
    {
        "Administration": "Alivisatos",
        "Publication": "Maroon",
        "Date of Event": 1728259200000,
        "Source": "Protesters and\nPolice Clash as\nProtesters Lock Cobb\nGate, Police Arrest\nThree",
        "Link": "https://chicagomaroon.com/44211/news/protesters-and-police-clash-as-protesters-lock-cobb-gate-police-arrest-three/",
        "Movement": "Palestine",
        "Actor": "UCUP",
        "Type of Action": "Protest",
        "Target of action": "General",
        "Admin Response": "Arrest/punish",
        "Notes": null,
        "Include": 1.0,
        "Placeholder": 1,
        "Year": 2024,
        "Day": 1728259200000
    },
    {
        "Administration": "Alivisatos",
        "Publication": "Maroon",
        "Date of Event": 1714348800000,
        "Source": "University Meets\nwith Encampment\nLeaders, Organizers\nSay",
        "Link": "https://chicagomaroon.com/42569/news/university-meets-with-encampment-leaders-organizers-say/",
        "Movement": "Palestine",
        "Actor": "UCUP",
        "Type of Action": "Protest",
        "Target of action": "General",
        "Admin Response": "Meeting/negotiation",
        "Notes": null,
        "Include": 1.0,
        "Placeholder": 1,
        "Year": 2024,
        "Day": 1745884800000
    },
    {
        "Administration": "Alivisatos",
        "Publication": "Maroon",
        "Date of Event": 1714435200000,
        "Source": "On Expression and\nDisruption",
        "Link": "https://chicagomaroon.com/42441/viewpoints/op-ed/on-expression-and-disruption/",
        "Movement": "Palestine",
        "Actor": null,
        "Type of Action": "Letter Writing",
        "Target of action": "General",
        "Admin Response": "Interview/meeting, Arrest",
        "Notes": null,
        "Include": 1.0,
        "Placeholder": 1,
        "Year": 2024,
        "Day": 1745971200000
    },
    {
        "Administration": "Alivisatos",
        "Publication": "Maroon",
        "Date of Event": 1714348800000,
        "Source": "How Little Does\nPalestinian Life\nMatter to the\nUniversity of\nChicago?",
        "Link": "https://chicagomaroon.com/42119/viewpoints/op-ed/how-little-does-palestinian-life-matter-to-the-university-of-chicago/",
        "Movement": "Palestine",
        "Actor": null,
        "Type of Action": "Letter Writing",
        "Target of action": "General",
        "Admin Response": null,
        "Notes": null,
        "Include": 1.0,
        "Placeholder": 1,
        "Year": 2024,
        "Day": 1745884800000
    },
    {
        "Administration": "Alivisatos",
        "Publication": "Maroon",
        "Date of Event": 1714089600000,
        "Source": "Pro-Palestine\nProtesters Hold Quad\nRally and March\nThrough Campus",
        "Link": "https://chicagomaroon.com/42179/news/pro-palestine-protesters-hold-quad-rally-and-march-through-campus/",
        "Movement": "Palestine",
        "Actor": "UCUP",
        "Type of Action": "Protest",
        "Target of action": "General",
        "Admin Response": "Interview/meeting, Arrest",
        "Notes": null,
        "Include": 1.0,
        "Placeholder": 1,
        "Year": 2024,
        "Day": 1745625600000
    },
    {
        "Administration": "Alivisatos",
        "Publication": "Maroon",
        "Date of Event": 1713744000000,
        "Source": "UChicago Alumni\nPledge to Withhold\nDonations Unless\nEndowment Eliminates\nFossil Fuel\nInvestments",
        "Link": "https://chicagomaroon.com/42142/news/uchicago-alumni-pledge-to-withhold-donations-unless-endowment-eliminates-fossil-fuel-investments/",
        "Movement": "Fossil fuels",
        "Actor": "Alumni, UChicago for Climate Action",
        "Type of Action": "Pledge/Resolution",
        "Target of action": "General",
        "Admin Response": "Interview/meeting, Arrest",
        "Notes": null,
        "Include": 1.0,
        "Placeholder": 1,
        "Year": 2024,
        "Day": 1745280000000
    },
    {
        "Administration": "Alivisatos",
        "Publication": "Maroon",
        "Date of Event": 1707436800000,
        "Source": "Admin Is Trying to\nSilence Us for\nSpeaking Up About\nPalestine. We Won\u2019t\nLet That Happen.",
        "Link": "https://chicagomaroon.com/41424/viewpoints/letter/admin-is-trying-to-silence-us-for-speaking-up-about-palestine-we-wont-let-that-happen/",
        "Movement": "Palestine",
        "Actor": null,
        "Type of Action": "Letter Writing",
        "Target of action": "General",
        "Admin Response": null,
        "Notes": null,
        "Include": 1.0,
        "Placeholder": 1,
        "Year": 2024,
        "Day": 1739059200000
    },
    {
        "Administration": "Alivisatos",
        "Publication": "Maroon",
        "Date of Event": 1706400000000,
        "Source": "UCUP Stages Die-In\nat Pret a Manger,\nProtests Israel\nConsul General\u2019s\nMeeting With\nAlivisatos",
        "Link": "https://chicagomaroon.com/41142/news/ucup-stages-die-in-at-pret-a-manger-protests-israel-consul-generals-meeting-with-alivisatos/",
        "Movement": "Palestine",
        "Actor": "UCUP",
        "Type of Action": "Protest",
        "Target of action": "General",
        "Admin Response": null,
        "Notes": null,
        "Include": 1.0,
        "Placeholder": 1,
        "Year": 2024,
        "Day": 1738022400000
    },
    {
        "Administration": "Alivisatos",
        "Publication": "Maroon",
        "Date of Event": 1699488000000,
        "Source": "UCPD Arrests\nProtesters Engaged\nin Admissions Office\nSit-In and Faculty\nMembers",
        "Link": "https://chicagomaroon.com/40547/news/ucpd-arrests-protesters-engaged-in-admissions-office-sit-in/",
        "Movement": "Palestine",
        "Actor": null,
        "Type of Action": "Protest",
        "Target of action": "President/Administration",
        "Admin Response": "Arrest/punish",
        "Notes": null,
        "Include": 1.0,
        "Placeholder": 1,
        "Year": 2023,
        "Day": 1731110400000
    },
    {
        "Administration": "Alivisatos",
        "Publication": "Maroon",
        "Date of Event": 1698796800000,
        "Source": "UChicago Board of\nTrustees Accused of\nViolating Illinois\nLaw With Fossil Fuel\nInvestments",
        "Link": "https://chicagomaroon.com/40389/news/uchicago-board-of-trustees-accused-of-violating-illinois-law-with-fossil-fuel-investments/",
        "Movement": "Fossil fuels",
        "Actor": "EJTF",
        "Type of Action": "Legal Action",
        "Target of action": "President/Administration",
        "Admin Response": null,
        "Notes": null,
        "Include": 1.0,
        "Placeholder": 1,
        "Year": 2023,
        "Day": 1730419200000
    },
    {
        "Administration": "Alivisatos",
        "Publication": "Maroon",
        "Date of Event": 1697760000000,
        "Source": "A Cry for\nDivestment: SJP\nRally Draws Hundreds\nof Attendees",
        "Link": "https://chicagomaroon.com/40207/news/a-cry-for-divestment-sjp-rally-draws-hundreds-of-attendees/",
        "Movement": "Palestine",
        "Actor": "UCUP",
        "Type of Action": "Protest",
        "Target of action": "General",
        "Admin Response": null,
        "Notes": null,
        "Include": 1.0,
        "Placeholder": 1,
        "Year": 2023,
        "Day": 1729382400000
    },
    {
        "Administration": "Alivisatos",
        "Publication": "Maroon",
        "Date of Event": 1697414400000,
        "Source": "SJP Begins Daily\nQuad Protest\nAdvocating\nPalestinian\nLiberation",
        "Link": "https://chicagomaroon.com/40110/news/sjp-begins-daily-quad-protest-advocating-palestinian-liberation/",
        "Movement": "Palestine",
        "Actor": "SJP",
        "Type of Action": "Protest",
        "Target of action": "General",
        "Admin Response": null,
        "Notes": null,
        "Include": 1.0,
        "Placeholder": 1,
        "Year": 2023,
        "Day": 1729036800000
    },
    {
        "Administration": "Alivisatos",
        "Publication": "Maroon",
        "Date of Event": 1682726400000,
        "Source": "Students Hold\n\u201cDivestival\u201d Rally\nto Urge University\nDivestment",
        "Link": "https://chicagomaroon.com/39063/news/students-hold-divestival-rally-to-urge-university-divestment/",
        "Movement": "Fossil fuels",
        "Actor": "EJTF",
        "Type of Action": "Protest",
        "Target of action": null,
        "Admin Response": null,
        "Notes": null,
        "Include": 1.0,
        "Placeholder": 1,
        "Year": 2023,
        "Day": 1745884800000
    },
    {
        "Administration": "Alivisatos",
        "Publication": "Maroon",
        "Date of Event": 1653868800000,
        "Source": "The Maroon Editorial\nBoard Should Endorse\nBDS",
        "Link": "https://chicagomaroon.com/32717/viewpoints/column/maroon-editorial-board-endorse-bds/",
        "Movement": "Palestine",
        "Actor": null,
        "Type of Action": "Letter Writing",
        "Target of action": "General",
        "Admin Response": null,
        "Notes": null,
        "Include": 1.0,
        "Placeholder": 1,
        "Year": 2022,
        "Day": 1748563200000
    },
    {
        "Administration": "Alivisatos",
        "Publication": "Maroon",
        "Date of Event": 1653696000000,
        "Source": "At Rally,\nEnvironmental\nJustice Task Force\nDemands University\nDivestment From\nFossil Fuels",
        "Link": "https://chicagomaroon.com/32722/news/rally-environmental-justice-task-force-demands-university/",
        "Movement": "Fossil fuels",
        "Actor": null,
        "Type of Action": "Protest",
        "Target of action": null,
        "Admin Response": null,
        "Notes": null,
        "Include": 1.0,
        "Placeholder": 1,
        "Year": 2022,
        "Day": 1748390400000
    },
    {
        "Administration": "Alivisatos",
        "Publication": "Maroon",
        "Date of Event": 1643155200000,
        "Source": "U of C Students\nRelaunch Fossil Fuel\nDivestment Campaign",
        "Link": null,
        "Movement": "Fossil fuels",
        "Actor": "EJTF",
        "Type of Action": "Letter Writing",
        "Target of action": "General",
        "Admin Response": null,
        "Notes": "Chief Investment Officer Mark Schmid retirement; equivalent GDP of US and China divested globally https://divestmentdatabase.org/ ",
        "Include": 1.0,
        "Placeholder": 1,
        "Year": 2022,
        "Day": 1737849600000
    },
    {
        "Administration": "Alivisatos",
        "Publication": "Maroon",
        "Date of Event": 1638316800000,
        "Source": "University Has No\nPlans to Divest, Set\nCarbon Neutrality\nGoal, Alivisatos\nSays",
        "Link": "https://chicagomaroon.com/28767/news/university-plans-divest-set-carbon-neutrality-goal/",
        "Movement": "Fossil fuels",
        "Actor": "USAN",
        "Type of Action": "Informational",
        "Target of action": "President/Administration",
        "Admin Response": null,
        "Notes": "First public acknowledgment; \"small fraction of endowment currently invested in fossil fuels and it continues to decline\"; Adam D'Ambrosio said 1% reduction in greenhouse gas emissions from 2012-202; first public town hall in 5 years with president",
        "Include": 1.0,
        "Placeholder": 1,
        "Year": 2021,
        "Day": 1733011200000
    },
    {
        "Administration": "Zimmer",
        "Publication": "Maroon",
        "Date of Event": 1622419200000,
        "Source": "Gathering in Hyde\nPark Held to Honor\nPalestinians Killed\nby Israeli Armed\nForces",
        "Link": "https://chicagomaroon.com/28556/news/gathering-hyde-park-held-honor-palestinians-killed-israeli/",
        "Movement": "Palestine",
        "Actor": null,
        "Type of Action": "Protest",
        "Target of action": "General",
        "Admin Response": null,
        "Notes": null,
        "Include": 1.0,
        "Placeholder": 1,
        "Year": 2021,
        "Day": 1748649600000
    },
    {
        "Administration": "Zimmer",
        "Publication": "Maroon",
        "Date of Event": 1620950400000,
        "Source": "New Student Activism\nCoalition Demands\nJustice for\nStudents, South\nSide, and\nUniversity\u2019s\nInternational Impact\nat Rally",
        "Link": "https://chicagomaroon.com/28512/news/new-student-activism-coalition-demands-justice-students/",
        "Movement": "Palestine",
        "Actor": "USAN",
        "Type of Action": "Protest",
        "Target of action": "General",
        "Admin Response": null,
        "Notes": null,
        "Include": 1.0,
        "Placeholder": 1,
        "Year": 2021,
        "Day": 1747180800000
    },
    {
        "Administration": "Zimmer",
        "Publication": "Maroon",
        "Date of Event": 1602892800000,
        "Source": "To Achieve Genuine\nSustainability,\nLet\u2019s Get Strategic",
        "Link": "https://chicagomaroon.com/28049/viewpoints/column/achieve-genuine-sustainability-lets-get-strategic/",
        "Movement": "Fossil fuels",
        "Actor": null,
        "Type of Action": "Letter Writing",
        "Target of action": "General",
        "Admin Response": null,
        "Notes": null,
        "Include": 1.0,
        "Placeholder": 1,
        "Year": 2020,
        "Day": 1729123200000
    },
    {
        "Administration": "Zimmer",
        "Publication": "Maroon",
        "Date of Event": 1519948800000,
        "Source": "Students Lead NoDAPL\nProtest and\nDivestment Rally\nbefore Gubernatorial\nDebate",
        "Link": null,
        "Movement": "Fossil fuels",
        "Actor": null,
        "Type of Action": "Protest",
        "Target of action": "General",
        "Admin Response": null,
        "Notes": null,
        "Include": 1.0,
        "Placeholder": 1,
        "Year": 2018,
        "Day": 1740873600000
    },
    {
        "Administration": "Zimmer",
        "Publication": "Maroon",
        "Date of Event": 1488758400000,
        "Source": "A Retort to the\nKalven Report",
        "Link": "https://chicagomaroon.com/24077/viewpoints/column/retort-kalven-report/",
        "Movement": "Fossil fuels",
        "Actor": null,
        "Type of Action": "Letter Writing",
        "Target of action": "General",
        "Admin Response": null,
        "Notes": null,
        "Include": 1.0,
        "Placeholder": 1,
        "Year": 2017,
        "Day": 1741219200000
    },
    {
        "Administration": "Zimmer",
        "Publication": "Maroon",
        "Date of Event": 1479772800000,
        "Source": "Zimmer Talks\nUniversity Finances,\nDivestment, and\nTrigger Warnings",
        "Link": "https://chicagomaroon.com/23311/news/zimmer-zigs-zags-around-campus-issues-maroon/",
        "Movement": "Palestine",
        "Actor": null,
        "Type of Action": null,
        "Target of action": null,
        "Admin Response": "Interview/forum",
        "Notes": null,
        "Include": 1.0,
        "Placeholder": 1,
        "Year": 2016,
        "Day": 1732233600000
    },
    {
        "Administration": "Zimmer",
        "Publication": "Maroon",
        "Date of Event": 1463616000000,
        "Source": "[Update: Sanders\nTweets Support] SG\nPresident Faces\nDisciplinary Charges\nfor Facilitating\nSit-In",
        "Link": "https://chicagomaroon.com/22395/news/sg-president-faces-disciplinary-charges-for-facilitating-sit-in/",
        "Movement": "Fossil fuels",
        "Actor": "IIRON",
        "Type of Action": "Protest",
        "Target of action": "General",
        "Admin Response": "Arrest/punish",
        "Notes": null,
        "Include": 1.0,
        "Placeholder": 1,
        "Year": 2016,
        "Day": 1747612800000
    },
    {
        "Administration": "Zimmer",
        "Publication": "Maroon",
        "Date of Event": 1461628800000,
        "Source": "Divestment by\nBluechips,\nDivestment From\nChina on CC Agenda",
        "Link": "https://chicagomaroon.com/22121/news/divestment-by-bluechips-divestment-from-china-on-cc-agenda/",
        "Movement": "Uyghur rights",
        "Actor": null,
        "Type of Action": "Pledge/Resolution",
        "Target of action": "College Council",
        "Admin Response": null,
        "Notes": null,
        "Include": 1.0,
        "Placeholder": 1,
        "Year": 2016,
        "Day": 1745625600000
    },
    {
        "Administration": "Zimmer",
        "Publication": "Maroon",
        "Date of Event": 1460678400000,
        "Source": "Both Sides in\nDivestment Fight\nPlan Next Steps",
        "Link": "https://chicagomaroon.com/21960/news/both-sides-in-divestment-fight-plan-next-steps/",
        "Movement": "Palestine",
        "Actor": null,
        "Type of Action": "Research Report",
        "Target of action": null,
        "Admin Response": null,
        "Notes": null,
        "Include": 1.0,
        "Placeholder": 1,
        "Year": 2016,
        "Day": 1744675200000
    },
    {
        "Administration": "Zimmer",
        "Publication": "Maroon",
        "Date of Event": 1460419200000,
        "Source": "College Council\nPasses Resolution\nRecommending\nDivestment",
        "Link": "https://chicagomaroon.com/21926/news/college-council-passes-resolution-recommending-divestment/",
        "Movement": "Palestine",
        "Actor": "Support: College Council, UChicago Divest, JVP; Against: UChicago Coalition for Peace, J Street; Endorsed: Al Sharq, Chicago Justice Initiative, Fight for Just Food, Friends of Friends of Washington Park, Hyde Park Pagans (HPP), Jewish Voice for Peace (JVP), Latinx Students Association at SSA (LSA), Movimiento Estudiantil Chicano de Aztl\u00e1n (MEChA), the Muslim Students Association (MSA), the Phoenix Survivors Alliance (PSA), Queers United in Power (QUIP), the Socioeconomic Diversity Alliance (SDA), Students for Health Equity (SHE), and Students for Justice in Palestine (SJP))",
        "Type of Action": "Pledge/Resolution",
        "Target of action": "College Council",
        "Admin Response": null,
        "Notes": null,
        "Include": 1.0,
        "Placeholder": 1,
        "Year": 2016,
        "Day": 1744416000000
    },
    {
        "Administration": "Zimmer",
        "Publication": "Maroon",
        "Date of Event": 1459123200000,
        "Source": "Push for Divestment\nFrom Ten Companies\nthat Do Work With\nIsraeli Defense\nForces Looks for CC\nResolution",
        "Link": "https://chicagomaroon.com/21837/news/push-for-divestment-from-some-companies-active-in-israel-looks-for-cc-resolution/",
        "Movement": "Palestine",
        "Actor": "SJP, UChicago Divest",
        "Type of Action": "Protest",
        "Target of action": "General",
        "Admin Response": null,
        "Notes": null,
        "Include": 1.0,
        "Placeholder": 1,
        "Year": 2016,
        "Day": 1743120000000
    },
    {
        "Administration": "Zimmer",
        "Publication": "Maroon",
        "Date of Event": 1456099200000,
        "Source": "Open Letter From\nFaculty Pushes\nFossil Fuel\nDivestment",
        "Link": "https://chicagomaroon.com/21635/news/students-for-climate-change-releases-petition-to-divest-from-fossil-fuels/",
        "Movement": "Fossil fuels",
        "Actor": "UCAN",
        "Type of Action": "Letter Writing",
        "Target of action": "General",
        "Admin Response": null,
        "Notes": null,
        "Include": 1.0,
        "Placeholder": 1,
        "Year": 2016,
        "Day": 1740182400000
    },
    {
        "Administration": "Zimmer",
        "Publication": "Gate",
        "Date of Event": 1455753600000,
        "Source": "A Political Case For\nThe University's\nFossil Fuel\nDivestment",
        "Link": "http://uchicagogate.com/articles/2016/2/18/a-political-case-for-the-universitys-fossil-fuel-divestment/",
        "Movement": "Fossil fuels",
        "Actor": null,
        "Type of Action": "Letter Writing",
        "Target of action": null,
        "Admin Response": null,
        "Notes": null,
        "Include": 1.0,
        "Placeholder": 1,
        "Year": 2016,
        "Day": 1739836800000
    },
    {
        "Administration": "Zimmer",
        "Publication": "Maroon",
        "Date of Event": 1447372800000,
        "Source": "Rahm Emmanuel speaks\nat new research\ncenter amidst\nstudent calls for\ndivestment",
        "Link": "https://chicagomaroon.com/21076/news/rahm-emmanuel-speaks-at-new-research-center-amidst-student-calls-for-divestment/",
        "Movement": "Fossil fuels",
        "Actor": "UCAN",
        "Type of Action": "Protest",
        "Target of action": "General",
        "Admin Response": "Ignore/refuse",
        "Notes": null,
        "Include": 1.0,
        "Placeholder": 1,
        "Year": 2015,
        "Day": 1731456000000
    },
    {
        "Administration": "Zimmer",
        "Publication": "Maroon",
        "Date of Event": 1444867200000,
        "Source": "Letter: UCAN demands\nthat Trustees\nconsider divestment",
        "Link": "https://chicagomaroon.com/20804/viewpoints/letter/letter-ucan-demands-that-trustees-consider-divestment/",
        "Movement": "Fossil fuels",
        "Actor": "UCAN",
        "Type of Action": "Letter Writing",
        "Target of action": "General",
        "Admin Response": null,
        "Notes": null,
        "Include": 1.0,
        "Placeholder": 1,
        "Year": 2015,
        "Day": 1728950400000
    },
    {
        "Administration": "Zimmer",
        "Publication": "Maroon",
        "Date of Event": 1433116800000,
        "Source": "Zimmer says\nUniversity unlikely\nto divest from\nfossil fuels",
        "Link": "https://chicagomaroon.com/20763/news/zimmer-says-university-unlikely-to-divest-from-fossil-fuels/",
        "Movement": "Fossil fuels",
        "Actor": null,
        "Type of Action": null,
        "Target of action": null,
        "Admin Response": "Interview/forum",
        "Notes": null,
        "Include": 1.0,
        "Placeholder": 1,
        "Year": 2015,
        "Day": 1748736000000
    },
    {
        "Administration": "Zimmer",
        "Publication": "Gate",
        "Date of Event": 1393459200000,
        "Source": "A Political Case For\nThe University's\nFossil Fuel\nDivestment",
        "Link": "http://uchicagogate.com/articles/2016/2/18/a-political-case-for-the-universitys-fossil-fuel-divestment/",
        "Movement": "Fossil fuels",
        "Actor": null,
        "Type of Action": "Research Report",
        "Target of action": null,
        "Admin Response": null,
        "Notes": null,
        "Include": 1.0,
        "Placeholder": 1,
        "Year": 2014,
        "Day": 1740614400000
    },
    {
        "Administration": "Zimmer",
        "Publication": "Maroon",
        "Date of Event": 1369958400000,
        "Source": "\u201cAhistorical\nactivism\u201d flawed",
        "Link": "https://chicagomaroon.com/17451/viewpoints/op-ed/ahistorical-activism-flawed/",
        "Movement": "Palestine",
        "Actor": null,
        "Type of Action": "Letter Writing",
        "Target of action": "General",
        "Admin Response": null,
        "Notes": null,
        "Include": 1.0,
        "Placeholder": 1,
        "Year": 2013,
        "Day": 1748649600000
    },
    {
        "Administration": "Zimmer",
        "Publication": "Maroon",
        "Date of Event": 1367884800000,
        "Source": "Passage of\ndivestment\nreferendum shows\nstudent desire for\nUniversity that\nvalues environment\nmore than illusion\nof neutrality",
        "Link": "https://chicagomaroon.com/17268/viewpoints/op-ed/say-yes-to-divest/",
        "Movement": "Fossil fuels",
        "Actor": "UCAN",
        "Type of Action": "Pledge/Resolution",
        "Target of action": "President/Administration",
        "Admin Response": null,
        "Notes": null,
        "Include": 1.0,
        "Placeholder": 1,
        "Year": 2013,
        "Day": 1746576000000
    },
    {
        "Administration": "Zimmer",
        "Publication": "Maroon",
        "Date of Event": 1365465600000,
        "Source": "Divest in the future",
        "Link": "https://chicagomaroon.com/16989/viewpoints/letter/divest-in-the-future/",
        "Movement": "Fossil fuels",
        "Actor": null,
        "Type of Action": "Letter Writing",
        "Target of action": "General",
        "Admin Response": null,
        "Notes": null,
        "Include": 1.0,
        "Placeholder": 1,
        "Year": 2013,
        "Day": 1744156800000
    },
    {
        "Administration": "Zimmer",
        "Publication": "Maroon",
        "Date of Event": 1362700800000,
        "Source": "SFCC demands\ndivestment, meeting\nwith Zimmer",
        "Link": "https://chicagomaroon.com/16913/news/sfcc-demands-divestment-meeting-with-zimmer/",
        "Movement": "Fossil fuels",
        "Actor": "UCAN",
        "Type of Action": "Protest",
        "Target of action": null,
        "Admin Response": "Ignore/refuse",
        "Notes": null,
        "Include": 1.0,
        "Placeholder": 1,
        "Year": 2013,
        "Day": 1741392000000
    },
    {
        "Administration": "Zimmer",
        "Publication": "Maroon",
        "Date of Event": 1358380800000,
        "Source": "Students push for\nclimate-concious\ndivestment",
        "Link": "https://chicagomaroon.com/16484/news/students-push-for-climate-concious-divestment/",
        "Movement": "Fossil fuels",
        "Actor": "UCAN",
        "Type of Action": "Letter Writing",
        "Target of action": "President/Administration",
        "Admin Response": null,
        "Notes": null,
        "Include": 1.0,
        "Placeholder": 1,
        "Year": 2013,
        "Day": 1737072000000
    },
    {
        "Administration": "Zimmer",
        "Publication": "Maroon",
        "Date of Event": 1330560000000,
        "Source": "As Harvard divests,\nU of C sticks with\nHEI",
        "Link": "https://chicagomaroon.com/15177/news/as-harvard-divests-u-of-c-sticks-with-hei/",
        "Movement": "Labor rights",
        "Actor": "Southside Solidarity Network",
        "Type of Action": "Informational",
        "Target of action": "General",
        "Admin Response": "Ignore/refuse",
        "Notes": null,
        "Include": 1.0,
        "Placeholder": 1,
        "Year": 2012,
        "Day": 1740787200000
    },
    {
        "Administration": "Zimmer",
        "Publication": "Maroon",
        "Date of Event": 1306454400000,
        "Source": "Investing in\ndialogue",
        "Link": "https://chicagomaroon.com/4158/viewpoints/editorial/investing-in-dialogue/",
        "Movement": "SRIC",
        "Actor": null,
        "Type of Action": "Letter Writing",
        "Target of action": null,
        "Admin Response": null,
        "Notes": null,
        "Include": 1.0,
        "Placeholder": 1,
        "Year": 2011,
        "Day": 1748304000000
    },
    {
        "Administration": "Zimmer",
        "Publication": "Maroon",
        "Date of Event": 1306195200000,
        "Source": "Lobbying for\nconsistency",
        "Link": "https://chicagomaroon.com/7109/viewpoints/op-ed/lobbying-for-consistency/",
        "Movement": "SRIC",
        "Actor": null,
        "Type of Action": "Letter Writing",
        "Target of action": null,
        "Admin Response": null,
        "Notes": null,
        "Include": 1.0,
        "Placeholder": 1,
        "Year": 2011,
        "Day": 1748044800000
    },
    {
        "Administration": "Zimmer",
        "Publication": "Maroon",
        "Date of Event": 1303430400000,
        "Source": "SRIC delivery goes\non without Zimmer\u2019s\naudience",
        "Link": "https://chicagomaroon.com/4624/news/sric-delivery-goes-on-without-zimmer-s-audience/",
        "Movement": "SRIC",
        "Actor": null,
        "Type of Action": "Protest",
        "Target of action": "President/Administration",
        "Admin Response": null,
        "Notes": null,
        "Include": 1.0,
        "Placeholder": 1,
        "Year": 2011,
        "Day": 1745280000000
    },
    {
        "Administration": "Zimmer",
        "Publication": "Maroon",
        "Date of Event": 1303430400000,
        "Source": "Freedom to disagree",
        "Link": "https://chicagomaroon.com/7268/viewpoints/op-ed/freedom-to-disagree/",
        "Movement": "SRIC",
        "Actor": null,
        "Type of Action": "Letter Writing",
        "Target of action": null,
        "Admin Response": null,
        "Notes": null,
        "Include": 1.0,
        "Placeholder": 1,
        "Year": 2011,
        "Day": 1745280000000
    },
    {
        "Administration": "Zimmer",
        "Publication": "Maroon",
        "Date of Event": 1303171200000,
        "Source": "Zimmer pushed for\nSRIC answers at\nforum",
        "Link": "https://chicagomaroon.com/13409/news/zimmer-pushed-for-sric-answers-at-forum/",
        "Movement": "SRIC",
        "Actor": null,
        "Type of Action": "Pledge/Resolution",
        "Target of action": "President/Administration",
        "Admin Response": "Interview/forum",
        "Notes": "SRIC",
        "Include": 1.0,
        "Placeholder": 1,
        "Year": 2011,
        "Day": 1745020800000
    },
    {
        "Administration": "Zimmer",
        "Publication": "Maroon",
        "Date of Event": 1297900800000,
        "Source": "Inspired by Brown,\nactivists push for\nHEI non-investment",
        "Link": "https://chicagomaroon.com/5546/news/inspired-by-brown-activists-push-for-hei-non-investment/",
        "Movement": "Labor rights",
        "Actor": null,
        "Type of Action": null,
        "Target of action": null,
        "Admin Response": "Meeting/negotiation",
        "Notes": null,
        "Include": 1.0,
        "Placeholder": 1,
        "Year": 2011,
        "Day": 1739750400000
    },
    {
        "Administration": "Zimmer",
        "Publication": "Maroon",
        "Date of Event": 1287100800000,
        "Source": "The University\nshouldn\u2019t invest in\nmorally suspect\nenterprises",
        "Link": "https://chicagomaroon.com/13207/viewpoints/op-ed/investing-in-evil/",
        "Movement": "SRIC",
        "Actor": null,
        "Type of Action": "Letter Writing",
        "Target of action": null,
        "Admin Response": null,
        "Notes": null,
        "Include": 1.0,
        "Placeholder": 1,
        "Year": 2010,
        "Day": 1728950400000
    },
    {
        "Administration": "Zimmer",
        "Publication": "Maroon",
        "Date of Event": 1227571200000,
        "Source": "Activists criticize\nUniversity endowment\ninvestments",
        "Link": "https://chicagomaroon.com/2868/news/activists-criticize-university-endowment-investments/",
        "Movement": "Labor rights",
        "Actor": "SOUL",
        "Type of Action": "Letter Writing",
        "Target of action": "President/Administration",
        "Admin Response": "Ignore/refuse",
        "Notes": null,
        "Include": 1.0,
        "Placeholder": 1,
        "Year": 2008,
        "Day": 1732492800000
    },
    {
        "Administration": "Zimmer",
        "Publication": "Maroon",
        "Date of Event": 1208217600000,
        "Source": "Letter: On\ndivestment,\nUniversity not part\nof solution",
        "Link": "https://chicagomaroon.com/7709/viewpoints/letter/letter-on-divestment-university-not-part-of-solution/",
        "Movement": "Sudan",
        "Actor": "STAND",
        "Type of Action": "Letter Writing",
        "Target of action": null,
        "Admin Response": null,
        "Notes": "Harvard, Yale, 23 states, presidential candidates, federal government all divested",
        "Include": 1.0,
        "Placeholder": 1,
        "Year": 2008,
        "Day": 1744675200000
    },
    {
        "Administration": "Zimmer",
        "Publication": "Maroon",
        "Date of Event": 1191283200000,
        "Source": "Activists must ask\nquestions",
        "Link": "https://chicagomaroon.com/10634/viewpoints/letter/activists-must-ask-questions/",
        "Movement": "Sudan",
        "Actor": "STAND",
        "Type of Action": "Letter Writing",
        "Target of action": "General",
        "Admin Response": null,
        "Notes": null,
        "Include": 1.0,
        "Placeholder": 1,
        "Year": 2007,
        "Day": 1727827200000
    },
    {
        "Administration": "Zimmer",
        "Publication": "Maroon",
        "Date of Event": 1180569600000,
        "Source": "Congressman, student\nprotesters demand\naction from Trustees",
        "Link": "https://chicagomaroon.com/8192/news/congressman-student-protesters-demand-action-from-trustees/",
        "Movement": "Sudan",
        "Actor": null,
        "Type of Action": "Protest",
        "Target of action": "Board of Trustees",
        "Admin Response": null,
        "Notes": "Police stopped traffic so they could pass. They worked with police",
        "Include": 1.0,
        "Placeholder": 1,
        "Year": 2007,
        "Day": 1748649600000
    },
    {
        "Administration": "Zimmer",
        "Publication": "Maroon",
        "Date of Event": 1180051200000,
        "Source": "Different ends need\ndifferent means",
        "Link": "https://chicagomaroon.com/4039/viewpoints/op-ed/different-ends-need-different-means/",
        "Movement": "Sudan",
        "Actor": null,
        "Type of Action": "Letter Writing",
        "Target of action": "General",
        "Admin Response": null,
        "Notes": null,
        "Include": 1.0,
        "Placeholder": 1,
        "Year": 2007,
        "Day": 1748131200000
    },
    {
        "Administration": "Zimmer",
        "Publication": "Maroon",
        "Date of Event": 1178236800000,
        "Source": "Genocide, divestment\ntoo urgent to ignore",
        "Link": "https://chicagomaroon.com/1442/viewpoints/op-ed/genocide-divestment-too-urgent-to-ignore/",
        "Movement": "Sudan",
        "Actor": "Coalition for Immediate Divestment, STAND",
        "Type of Action": "Letter Writing",
        "Target of action": "General",
        "Admin Response": null,
        "Notes": null,
        "Include": 1.0,
        "Placeholder": 1,
        "Year": 2007,
        "Day": 1746316800000
    },
    {
        "Administration": "Zimmer",
        "Publication": "Maroon",
        "Date of Event": 1173225600000,
        "Source": "STAND brings protest\nto Administration\nbuilding",
        "Link": "https://chicagomaroon.com/3975/news/stand-brings-protest-to-administration-building/",
        "Movement": "Sudan",
        "Actor": "STAND",
        "Type of Action": "Protest",
        "Target of action": "President/Administration",
        "Admin Response": "Police dispersal",
        "Notes": null,
        "Include": 1.0,
        "Placeholder": 1,
        "Year": 2007,
        "Day": 1741305600000
    },
    {
        "Administration": "Zimmer",
        "Publication": "Maroon",
        "Date of Event": 1172707200000,
        "Source": "STAND confronts\nTrustees",
        "Link": "https://chicagomaroon.com/13057/news/stand-confronts-trustees/",
        "Movement": "Sudan",
        "Actor": "STAND",
        "Type of Action": "Protest",
        "Target of action": "Board of Trustees",
        "Admin Response": "Meeting/negotiation",
        "Notes": null,
        "Include": 1.0,
        "Placeholder": 1,
        "Year": 2007,
        "Day": 1740787200000
    },
    {
        "Administration": "Zimmer",
        "Publication": "Maroon",
        "Date of Event": 1171929600000,
        "Source": "Divestment through\nhistory\u2019s lens",
        "Link": "https://chicagomaroon.com/3921/viewpoints/op-ed/divestment-through-historys-lens/",
        "Movement": "Sudan",
        "Actor": "STAND",
        "Type of Action": "Letter Writing",
        "Target of action": "General",
        "Admin Response": null,
        "Notes": "Kalven report author supports Sudan divestment",
        "Include": 1.0,
        "Placeholder": 1,
        "Year": 2007,
        "Day": 1740009600000
    },
    {
        "Administration": "Zimmer",
        "Publication": "Maroon",
        "Date of Event": 1171324800000,
        "Source": "Zimmer pressed by\ncampus input",
        "Link": "https://chicagomaroon.com/4130/news/zimmer-pressed-by-campus-input/",
        "Movement": "SRIC",
        "Actor": null,
        "Type of Action": null,
        "Target of action": null,
        "Admin Response": "Interview/forum",
        "Notes": null,
        "Include": 1.0,
        "Placeholder": 1,
        "Year": 2007,
        "Day": 1739404800000
    },
    {
        "Administration": "Zimmer",
        "Publication": "Tribune",
        "Date of Event": 1170892800000,
        "Source": "University stands\npat; activists take\naim \u2013 Chicago\nTribune",
        "Link": "https://www.chicagotribune.com/2007/02/08/university-stands-pat-activists-take-aim/",
        "Movement": "Sudan",
        "Actor": null,
        "Type of Action": null,
        "Target of action": null,
        "Admin Response": "Ignore/refuse",
        "Notes": "UChi has about $1 million (0.02%) invested in Sudan. Established $200000 support fund. Fund only got less than 10 first round proposals, expired 2009, but created in response to divestment movement directly. https://chicagomaroon.com/3336/news/darfur-fund-evaluates-first-set-of-picks/ ",
        "Include": 1.0,
        "Placeholder": 1,
        "Year": 2007,
        "Day": 1738972800000
    },
    {
        "Administration": "Zimmer",
        "Publication": "Maroon",
        "Date of Event": 1170460800000,
        "Source": "U of C decides not\nto divest from Sudan",
        "Link": "https://chicagomaroon.com/6327/news/u-of-c-decides-not-to-divest-from-sudan/",
        "Movement": "Sudan",
        "Actor": null,
        "Type of Action": null,
        "Target of action": null,
        "Admin Response": "Non-divestment support",
        "Notes": null,
        "Include": 1.0,
        "Placeholder": 1,
        "Year": 2007,
        "Day": 1738540800000
    },
    {
        "Administration": "Zimmer",
        "Publication": "Maroon",
        "Date of Event": 1161216000000,
        "Source": "STAND pressures\nadmin to divest from\nDarfur",
        "Link": "https://chicagomaroon.com/3917/news/stand-pressures-admin-to-divest-from-darfur-2/",
        "Movement": "Sudan",
        "Actor": "STAND",
        "Type of Action": null,
        "Target of action": "President/Administration",
        "Admin Response": "Meeting/negotiation",
        "Notes": "Brown, Columbia, Harvard divested from Sudan. President Zimmer voted for divestment at Brown. Illinois and 5 others states, and 3 cities divested. Sudanese government has responded to divestment in the past. Chabad signed a pro divestment letter. ",
        "Include": 1.0,
        "Placeholder": 1,
        "Year": 2006,
        "Day": 1729296000000
    },
    {
        "Administration": "Zimmer",
        "Publication": "Maroon",
        "Date of Event": 1159833600000,
        "Source": "Divestment does more\nthan send a message",
        "Link": "https://chicagomaroon.com/3147/viewpoints/op-ed/divestment-does-more-than-send-a-message/",
        "Movement": "Sudan",
        "Actor": null,
        "Type of Action": "Letter Writing",
        "Target of action": "General",
        "Admin Response": null,
        "Notes": null,
        "Include": 1.0,
        "Placeholder": 1,
        "Year": 2006,
        "Day": 1727913600000
    },
    {
        "Administration": "Randel",
        "Publication": "Maroon",
        "Date of Event": 1148342400000,
        "Source": "Students,\nadministrators meet\nover Darfur policy",
        "Link": "https://chicagomaroon.com/7293/news/students-administrators-meet-over-darfur-policy-2/",
        "Movement": "Sudan",
        "Actor": "STAND",
        "Type of Action": null,
        "Target of action": null,
        "Admin Response": "Letter Writing",
        "Notes": "Administrators confirmed last month that the University holds equity in companies that support the Sudanese government. (Later walked back: https://chicagomaroon.com/4844/news/investment-in-darfur-was-never-certain-zimmer-says/) Both administrators and students were pleased with the discussion, which Klass said \u201cmodeled the kind of effective and strategic student activism that one finds on this campus more often than not.\u201d The proposed divestment model, a two-page document created by the national Sudan Divestment Taskforce to aid institutions and states in divestment, recently guided The Regents, which governs the University of California-, in declaring its $66 billion endowment divested from Sudan.",
        "Include": 1.0,
        "Placeholder": 1,
        "Year": 2006,
        "Day": 1747958400000
    },
    {
        "Administration": "Randel",
        "Publication": "Maroon",
        "Date of Event": 1147996800000,
        "Source": "Darfur activists\nsupport realistic\nsolutions",
        "Link": "https://chicagomaroon.com/6123/viewpoints/op-ed/darfur-activists-support-realistic-solutions-2/",
        "Movement": "Sudan",
        "Actor": null,
        "Type of Action": "Letter Writing",
        "Target of action": null,
        "Admin Response": null,
        "Notes": null,
        "Include": 1.0,
        "Placeholder": 1,
        "Year": 2006,
        "Day": 1747612800000
    },
    {
        "Administration": "Randel",
        "Publication": "Maroon",
        "Date of Event": 1147219200000,
        "Source": "In defense of\ndivestment",
        "Link": "https://chicagomaroon.com/12950/news/in-defense-of-divestment/",
        "Movement": "Sudan",
        "Actor": null,
        "Type of Action": "Letter Writing",
        "Target of action": null,
        "Admin Response": null,
        "Notes": null,
        "Include": 1.0,
        "Placeholder": 1,
        "Year": 2006,
        "Day": 1746835200000
    },
    {
        "Administration": "Randel",
        "Publication": "Maroon",
        "Date of Event": 1145318400000,
        "Source": "Divest From Sudan",
        "Link": "https://chicagomaroon.com/6024/viewpoints/op-ed/divest-from-sudan/",
        "Movement": "Sudan",
        "Actor": "Maroon",
        "Type of Action": "Letter Writing",
        "Target of action": "Board of Trustees",
        "Admin Response": null,
        "Notes": null,
        "Include": 1.0,
        "Placeholder": 1,
        "Year": 2006,
        "Day": 1744934400000
    },
    {
        "Administration": "Randel",
        "Publication": "Maroon",
        "Date of Event": 1144368000000,
        "Source": "Bucking trend, U of\nC will not divest\nfrom Sudan",
        "Link": "https://chicagomaroon.com/8606/news/bucking-trend-u-of-c-will-not-divest-from-sudan/",
        "Movement": "Sudan",
        "Actor": "STAND",
        "Type of Action": "Letter Writing",
        "Target of action": "President/Administration",
        "Admin Response": "Interview/forum",
        "Notes": null,
        "Include": 1.0,
        "Placeholder": 1,
        "Year": 2006,
        "Day": 1743984000000
    },
    {
        "Administration": "Gray",
        "Publication": "Maroon Archives",
        "Date of Event": 534124800000,
        "Source": "Divest now",
        "Link": "https://campub.lib.uchicago.edu/view/?docId=mvol-0004-1986-1205;query=divest#page/15/mode/1up/search/divest",
        "Movement": "South Africa",
        "Actor": null,
        "Type of Action": "Letter Writing",
        "Target of action": null,
        "Admin Response": null,
        "Notes": null,
        "Include": 1.0,
        "Placeholder": 1,
        "Year": 1986,
        "Day": 1733356800000
    },
    {
        "Administration": "Gray",
        "Publication": "Maroon Archives",
        "Date of Event": 530323200000,
        "Source": "Gray, Davis debate",
        "Link": "https://campub.lib.uchicago.edu/view/?docId=mvol-0004-1985-1029;query=divest#page/1/mode/1up/search/divest",
        "Movement": "South Africa",
        "Actor": null,
        "Type of Action": "Debate",
        "Target of action": null,
        "Admin Response": null,
        "Notes": null,
        "Include": 1.0,
        "Placeholder": 1,
        "Year": 1986,
        "Day": 1729555200000
    },
    {
        "Administration": "Gray",
        "Publication": "Maroon Archives",
        "Date of Event": 530323200000,
        "Source": "Faculty members\nspeak out on\ndivestment",
        "Link": "https://campub.lib.uchicago.edu/view/?docId=mvol-0004-1985-1108;query=divest#page/4/mode/1up",
        "Movement": "South Africa",
        "Actor": null,
        "Type of Action": "Letter Writing",
        "Target of action": null,
        "Admin Response": null,
        "Notes": null,
        "Include": 1.0,
        "Placeholder": 1,
        "Year": 1986,
        "Day": 1729555200000
    },
    {
        "Administration": "Gray",
        "Publication": "Maroon Archives",
        "Date of Event": 528076800000,
        "Source": "The current state of\ndivestment",
        "Link": "https://campub.lib.uchicago.edu/view/?docId=mvol-0004-1986-0926;query=divest#page/98/mode/1up/search/divest",
        "Movement": "South Africa",
        "Actor": null,
        "Type of Action": "Letter Writing",
        "Target of action": null,
        "Admin Response": null,
        "Notes": null,
        "Include": 1.0,
        "Placeholder": 1,
        "Year": 1986,
        "Day": 1727308800000
    },
    {
        "Administration": "Gray",
        "Publication": "Maroon Archives",
        "Date of Event": 517190400000,
        "Source": "Generations of\nresistance",
        "Link": "https://campub.lib.uchicago.edu/view/?docId=mvol-0004-1986-0523;query=divest#page/19/mode/1up/search/divest",
        "Movement": "South Africa",
        "Actor": "Action Committee on SA",
        "Type of Action": "Informational",
        "Target of action": null,
        "Admin Response": null,
        "Notes": null,
        "Include": 1.0,
        "Placeholder": 1,
        "Year": 1986,
        "Day": 1747958400000
    },
    {
        "Administration": "Gray",
        "Publication": "Maroon Archives",
        "Date of Event": 517104000000,
        "Source": "Gray wrong on IBM",
        "Link": "https://campub.lib.uchicago.edu/view/?docId=mvol-0004-1986-0523;query=divest#page/23/mode/1up/search/divest",
        "Movement": "South Africa",
        "Actor": null,
        "Type of Action": "Protest",
        "Target of action": "Non-campus",
        "Admin Response": null,
        "Notes": null,
        "Include": 1.0,
        "Placeholder": 1,
        "Year": 1986,
        "Day": 1747872000000
    },
    {
        "Administration": "Gray",
        "Publication": "Maroon Archives",
        "Date of Event": 516844800000,
        "Source": "WHPK debates U of C\nSouth African\ndivestment",
        "Link": "https://campub.lib.uchicago.edu/view/?docId=mvol-0004-1986-0523;query=divest#page/23/mode/1up/search/divest",
        "Movement": "South Africa",
        "Actor": "Ad Hoc Committee for a Free South Africa",
        "Type of Action": "Debate",
        "Target of action": "Non-campus",
        "Admin Response": null,
        "Notes": null,
        "Include": 1.0,
        "Placeholder": 1,
        "Year": 1986,
        "Day": 1747612800000
    },
    {
        "Administration": "Gray",
        "Publication": "Maroon Archives",
        "Date of Event": 515980800000,
        "Source": "President Gray\nspeaks with the\nMaroon",
        "Link": "https://campub.lib.uchicago.edu/view/?docId=mvol-0004-1986-0513;query=divest#page/13/mode/1up/search/divest",
        "Movement": "South Africa",
        "Actor": null,
        "Type of Action": null,
        "Target of action": null,
        "Admin Response": "Interview/forum",
        "Notes": null,
        "Include": 1.0,
        "Placeholder": 1,
        "Year": 1986,
        "Day": 1746748800000
    },
    {
        "Administration": "Gray",
        "Publication": "Maroon Archives",
        "Date of Event": 515116800000,
        "Source": "Faculty Senate votes\nfor divestment",
        "Link": "https://campub.lib.uchicago.edu/view/?docId=mvol-0004-1986-0425;query=divest#page/1/mode/1up/search/divest",
        "Movement": "South Africa",
        "Actor": "Faculty Senate",
        "Type of Action": "Pledge/Resolution",
        "Target of action": null,
        "Admin Response": "Non-divestment support",
        "Notes": null,
        "Include": 1.0,
        "Placeholder": 1,
        "Year": 1986,
        "Day": 1745884800000
    },
    {
        "Administration": "Gray",
        "Publication": "Maroon Archives",
        "Date of Event": 513561600000,
        "Source": "Divestment\ncoalitions step up\nprotest action",
        "Link": "https://campub.lib.uchicago.edu/view/?docId=mvol-0004-1986-0408;query=divest#page/1/mode/1up/search/divest",
        "Movement": "South Africa",
        "Actor": null,
        "Type of Action": "Protest",
        "Target of action": null,
        "Admin Response": null,
        "Notes": null,
        "Include": 1.0,
        "Placeholder": 1,
        "Year": 1986,
        "Day": 1744329600000
    },
    {
        "Administration": "Gray",
        "Publication": "Maroon Archives",
        "Date of Event": 513216000000,
        "Source": "Divestment update",
        "Link": "https://campub.lib.uchicago.edu/view/?docId=mvol-0004-1986-0425;query=divest#page/1/mode/1up/search/divest",
        "Movement": "South Africa",
        "Actor": "Student Advisory Committee to the President",
        "Type of Action": "Research Report",
        "Target of action": null,
        "Admin Response": null,
        "Notes": null,
        "Include": 1.0,
        "Placeholder": 1,
        "Year": 1986,
        "Day": 1743984000000
    },
    {
        "Administration": "Gray",
        "Publication": "Maroon Archives",
        "Date of Event": 512956800000,
        "Source": "Student movement",
        "Link": "https://campub.lib.uchicago.edu/view/?docId=mvol-0004-1986-0404;query=divest#page/35/mode/1up/search/divest",
        "Movement": "South Africa",
        "Actor": null,
        "Type of Action": "Letter Writing",
        "Target of action": null,
        "Admin Response": null,
        "Notes": null,
        "Include": 1.0,
        "Placeholder": 1,
        "Year": 1986,
        "Day": 1743724800000
    },
    {
        "Administration": "Gray",
        "Publication": "Maroon Archives",
        "Date of Event": 512956800000,
        "Source": "Tradition of\nresistance",
        "Link": "https://campub.lib.uchicago.edu/view/?docId=mvol-0004-1986-0404;query=divest#page/32/mode/1up/search/divest",
        "Movement": "South Africa",
        "Actor": null,
        "Type of Action": "Letter Writing",
        "Target of action": null,
        "Admin Response": null,
        "Notes": null,
        "Include": 1.0,
        "Placeholder": 1,
        "Year": 1986,
        "Day": 1743724800000
    },
    {
        "Administration": "Gray",
        "Publication": "Maroon Archives",
        "Date of Event": 512956800000,
        "Source": "Case for divestment",
        "Link": "https://campub.lib.uchicago.edu/view/?docId=mvol-0004-1986-0404;query=divest#page/32/mode/1up/search/divest",
        "Movement": "South Africa",
        "Actor": null,
        "Type of Action": "Letter Writing",
        "Target of action": null,
        "Admin Response": null,
        "Notes": null,
        "Include": 1.0,
        "Placeholder": 1,
        "Year": 1986,
        "Day": 1743724800000
    },
    {
        "Administration": "Gray",
        "Publication": "Maroon Archives",
        "Date of Event": 508723200000,
        "Source": "Trustees Profit from\nApartheid",
        "Link": "https://campub.lib.uchicago.edu/view/?docId=mvol-0004-1986-0214;query=divest#page/4/mode/1up/search/divest",
        "Movement": "South Africa",
        "Actor": null,
        "Type of Action": "Letter Writing",
        "Target of action": null,
        "Admin Response": null,
        "Notes": null,
        "Include": 1.0,
        "Placeholder": 1,
        "Year": 1986,
        "Day": 1739491200000
    },
    {
        "Administration": "Gray",
        "Publication": "Maroon Archives",
        "Date of Event": 508723200000,
        "Source": "Coalition calls for\ndivestment",
        "Link": "https://campub.lib.uchicago.edu/view/?docId=mvol-0004-1986-0214;query=divest#page/4/mode/1up/search/divest",
        "Movement": "South Africa",
        "Actor": null,
        "Type of Action": "Letter Writing",
        "Target of action": null,
        "Admin Response": null,
        "Notes": null,
        "Include": 1.0,
        "Placeholder": 1,
        "Year": 1986,
        "Day": 1739491200000
    },
    {
        "Administration": "Gray",
        "Publication": "Maroon Archives",
        "Date of Event": 500256000000,
        "Source": "Faculty members\nspeak out on\ndivestment",
        "Link": "https://campub.lib.uchicago.edu/view/?docId=mvol-0004-1985-1108;query=divest#page/4/mode/1up",
        "Movement": "South Africa",
        "Actor": null,
        "Type of Action": "Letter Writing",
        "Target of action": null,
        "Admin Response": null,
        "Notes": null,
        "Include": 1.0,
        "Placeholder": 1,
        "Year": 1985,
        "Day": 1731024000000
    },
    {
        "Administration": "Gray",
        "Publication": "Maroon Archives",
        "Date of Event": 498787200000,
        "Source": "We, the undersigned\nmembers of the\nUniversity of\nChicago faculty",
        "Link": "https://campub.lib.uchicago.edu/view/?docId=mvol-0004-1985-1022;query=divest#page/16/mode/1up/search/divest",
        "Movement": "South Africa",
        "Actor": null,
        "Type of Action": "Letter Writing",
        "Target of action": null,
        "Admin Response": null,
        "Notes": null,
        "Include": 1.0,
        "Placeholder": 1,
        "Year": 1985,
        "Day": 1729555200000
    },
    {
        "Administration": "Gray",
        "Publication": "Maroon Archives",
        "Date of Event": 498441600000,
        "Source": "We are here to\ndemand an end to\nracism at home and\nabroad",
        "Link": "https://campub.lib.uchicago.edu/view/?docId=mvol-0004-1985-1018;query=divest#page/18/mode/1up/search/divest",
        "Movement": "South Africa",
        "Actor": null,
        "Type of Action": "Protest",
        "Target of action": null,
        "Admin Response": null,
        "Notes": null,
        "Include": 1.0,
        "Placeholder": 1,
        "Year": 1985,
        "Day": 1729209600000
    },
    {
        "Administration": "Gray",
        "Publication": "Maroon Archives",
        "Date of Event": 497836800000,
        "Source": "Sarkar exposes\nHanna's\ninconsistencies on\nSouth Africa",
        "Link": "https://campub.lib.uchicago.edu/view/?docId=mvol-0004-1985-1011;query=divest#page/4/mode/1up/search/divest",
        "Movement": "South Africa",
        "Actor": null,
        "Type of Action": "Letter Writing",
        "Target of action": null,
        "Admin Response": null,
        "Notes": null,
        "Include": 1.0,
        "Placeholder": 1,
        "Year": 1985,
        "Day": 1728604800000
    },
    {
        "Administration": "Gray",
        "Publication": "Maroon Archives",
        "Date of Event": 497836800000,
        "Source": "Divestment: What is\nto be done?",
        "Link": "https://campub.lib.uchicago.edu/view/?docId=mvol-0004-1985-1025;query=divest#page/16/mode/1up/search/divest",
        "Movement": "South Africa",
        "Actor": null,
        "Type of Action": "Protest",
        "Target of action": null,
        "Admin Response": null,
        "Notes": null,
        "Include": 1.0,
        "Placeholder": 1,
        "Year": 1985,
        "Day": 1728604800000
    },
    {
        "Administration": "Gray",
        "Publication": "Chicago Magazine",
        "Date of Event": 486345600000,
        "Source": "Faculty, students\ndebate divestment",
        "Link": "https://campub.lib.uchicago.edu/view/?docId=mvol-0002-0078-0001;query=divest#page/4/mode/1up",
        "Movement": "South Africa",
        "Actor": null,
        "Type of Action": "Protest",
        "Target of action": null,
        "Admin Response": null,
        "Notes": null,
        "Include": 1.0,
        "Placeholder": 1,
        "Year": 1985,
        "Day": 1748649600000
    },
    {
        "Administration": "Gray",
        "Publication": "Maroon Archives",
        "Date of Event": 486345600000,
        "Source": "Students against\nApartheid speak out",
        "Link": "https://campub.lib.uchicago.edu/view/?docId=mvol-0004-1985-0531;query=divest#page/4/mode/1up/search/divest",
        "Movement": "South Africa",
        "Actor": null,
        "Type of Action": "Letter Writing",
        "Target of action": null,
        "Admin Response": null,
        "Notes": null,
        "Include": 1.0,
        "Placeholder": 1,
        "Year": 1985,
        "Day": 1748649600000
    },
    {
        "Administration": "Gray",
        "Publication": "Maroon Archives",
        "Date of Event": 485568000000,
        "Source": "South African\nprotest planned",
        "Link": "https://campub.lib.uchicago.edu/view/?docId=mvol-0004-1985-0521;query=divest#page/1/mode/1up/search/divest",
        "Movement": "South Africa",
        "Actor": null,
        "Type of Action": "Protest",
        "Target of action": null,
        "Admin Response": null,
        "Notes": null,
        "Include": 1.0,
        "Placeholder": 1,
        "Year": 1985,
        "Day": 1747872000000
    },
    {
        "Administration": "Gray",
        "Publication": "Maroon Archives",
        "Date of Event": 485136000000,
        "Source": "President Gray\nresponds",
        "Link": "https://campub.lib.uchicago.edu/view/?docId=mvol-0004-1985-0517;query=divest#page/4/mode/1up/search/divest",
        "Movement": "South Africa",
        "Actor": null,
        "Type of Action": null,
        "Target of action": null,
        "Admin Response": "Letter Writing",
        "Notes": null,
        "Include": 1.0,
        "Placeholder": 1,
        "Year": 1985,
        "Day": 1747440000000
    },
    {
        "Administration": "Gray",
        "Publication": "Maroon Archives",
        "Date of Event": 484531200000,
        "Source": "Editorial Protest",
        "Link": "https://campub.lib.uchicago.edu/view/?docId=mvol-0004-1985-0510;query=divest#page/1/mode/1up/search/divest",
        "Movement": "South Africa",
        "Actor": null,
        "Type of Action": "Letter Writing",
        "Target of action": null,
        "Admin Response": null,
        "Notes": null,
        "Include": 1.0,
        "Placeholder": 1,
        "Year": 1985,
        "Day": 1746835200000
    },
    {
        "Administration": "Gray",
        "Publication": "Maroon Archives",
        "Date of Event": 484272000000,
        "Source": "SG speaks out on\ndivestment issue",
        "Link": "https://campub.lib.uchicago.edu/view/?docId=mvol-0004-1985-0517;query=divest#page/1/mode/1up/search/divest",
        "Movement": "South Africa",
        "Actor": null,
        "Type of Action": "Pledge/Resolution",
        "Target of action": null,
        "Admin Response": null,
        "Notes": null,
        "Include": 1.0,
        "Placeholder": 1,
        "Year": 1985,
        "Day": 1746576000000
    },
    {
        "Administration": "Gray",
        "Publication": "Maroon Archives",
        "Date of Event": 477705600000,
        "Source": "President Gray:\nDivestment Isn't\nHappening",
        "Link": "https://campub.lib.uchicago.edu/view/?docId=mvol-0004-1985-0222;query=divest#page/18/mode/1up/search/divest",
        "Movement": "South Africa",
        "Actor": null,
        "Type of Action": null,
        "Target of action": null,
        "Admin Response": "Letter Writing",
        "Notes": null,
        "Include": 1.0,
        "Placeholder": 1,
        "Year": 1985,
        "Day": 1740009600000
    },
    {
        "Administration": "Gray",
        "Publication": "Maroon Archives",
        "Date of Event": 294019200000,
        "Source": "Slim margin for\ndivestment",
        "Link": "https://campub.lib.uchicago.edu/view/?docId=mvol-0004-1979-0427;query=divest#page/1/mode/1up/search/divest",
        "Movement": "South Africa",
        "Actor": null,
        "Type of Action": "Pledge/Resolution",
        "Target of action": null,
        "Admin Response": null,
        "Notes": null,
        "Include": 1.0,
        "Placeholder": 1,
        "Year": 1979,
        "Day": 1745712000000
    },
    {
        "Administration": "Gray",
        "Publication": "Maroon Archives",
        "Date of Event": 293414400000,
        "Source": "Yes on divest",
        "Link": "https://campub.lib.uchicago.edu/view/?docId=mvol-0004-1979-0420;query=divest#page/4/mode/1up/search/divest",
        "Movement": "South Africa",
        "Actor": null,
        "Type of Action": "Letter Writing",
        "Target of action": null,
        "Admin Response": null,
        "Notes": null,
        "Include": 1.0,
        "Placeholder": 1,
        "Year": 1979,
        "Day": 1745107200000
    },
    {
        "Administration": "Gray",
        "Publication": "Maroon Archives",
        "Date of Event": 288921600000,
        "Source": "Over 750 attend S\nAfrica forum",
        "Link": "https://campub.lib.uchicago.edu/view/?docId=mvol-0004-1979-0302;query=divest#page/3/mode/1up/search/divest",
        "Movement": "South Africa",
        "Actor": "Action Committee on SA",
        "Type of Action": "Forum",
        "Target of action": null,
        "Admin Response": "Interview/forum",
        "Notes": null,
        "Include": 1.0,
        "Placeholder": 1,
        "Year": 1979,
        "Day": 1740614400000
    },
    {
        "Administration": "Gray",
        "Publication": "Maroon Archives",
        "Date of Event": 278294400000,
        "Source": "Action Committee\naddresses Pres Gray",
        "Link": "https://campub.lib.uchicago.edu/view/?docId=mvol-0004-1978-1027;query=divest#page/5/mode/1up/search/divest",
        "Movement": "South Africa",
        "Actor": null,
        "Type of Action": "Letter Writing",
        "Target of action": "General",
        "Admin Response": null,
        "Notes": null,
        "Include": 1.0,
        "Placeholder": 1,
        "Year": 1978,
        "Day": 1729987200000
    },
    {
        "Administration": "Gray",
        "Publication": "Maroon Archives",
        "Date of Event": 276480000000,
        "Source": "First South Africa\nmeeting",
        "Link": "https://campub.lib.uchicago.edu/view/?docId=mvol-0004-1978-1013;query=divest#page/1/mode/1up",
        "Movement": "South Africa",
        "Actor": null,
        "Type of Action": "Protest",
        "Target of action": null,
        "Admin Response": null,
        "Notes": "Brutus, who helped organize South Africa's ban from the Olympics, spoke on this day. Continental Illinois Bank had 1 out of 4 of University trustees. National Council of Churches withdrew from bank",
        "Include": 1.0,
        "Placeholder": 1,
        "Year": 1978,
        "Day": 1728172800000
    },
    {
        "Administration": "Wilson",
        "Publication": "Maroon Archives",
        "Date of Event": 261964800000,
        "Source": "So, leave",
        "Link": "https://campub.lib.uchicago.edu/view/?docId=mvol-0004-1978-0421;query=divest#page/4/mode/1up/search/divest",
        "Movement": "South Africa",
        "Actor": null,
        "Type of Action": "Letter Writing",
        "Target of action": null,
        "Admin Response": null,
        "Notes": null,
        "Include": 1.0,
        "Placeholder": 1,
        "Year": 1978,
        "Day": 1745193600000
    },
    {
        "Administration": "Wilson",
        "Publication": "Maroon Archives",
        "Date of Event": 261273600000,
        "Source": "Johnson Makatini",
        "Link": "https://campub.lib.uchicago.edu/view/?docId=mvol-0004-1978-0411;query=divest#page/1/mode/1up",
        "Movement": "South Africa",
        "Actor": null,
        "Type of Action": "Protest",
        "Target of action": null,
        "Admin Response": null,
        "Notes": null,
        "Include": 1.0,
        "Placeholder": 1,
        "Year": 1978,
        "Day": 1744502400000
    },
    {
        "Administration": "Wilson",
        "Publication": "Maroon Archives",
        "Date of Event": 260150400000,
        "Source": "OSB to protest UC\ninvestment",
        "Link": "https://campub.lib.uchicago.edu/view/?docId=mvol-0004-1978-0331;query=divest#page/5/mode/1up/search/divest",
        "Movement": "South Africa",
        "Actor": "Older Spartacus Brigade",
        "Type of Action": "Protest",
        "Target of action": "General",
        "Admin Response": null,
        "Notes": null,
        "Include": 1.0,
        "Placeholder": 1,
        "Year": 1978,
        "Day": 1743379200000
    },
    {
        "Administration": "Wilson",
        "Publication": "Maroon Archives",
        "Date of Event": 257126400000,
        "Source": "UC isolationism",
        "Link": "https://campub.lib.uchicago.edu/view/?docId=mvol-0004-1978-0224;query=divest#page/4/mode/1up/search/divest",
        "Movement": "South Africa",
        "Actor": null,
        "Type of Action": "Letter Writing",
        "Target of action": "General",
        "Admin Response": null,
        "Notes": null,
        "Include": 1.0,
        "Placeholder": 1,
        "Year": 1978,
        "Day": 1740355200000
    },
    {
        "Administration": "Wilson",
        "Publication": "Maroon Archives",
        "Date of Event": 256521600000,
        "Source": "Seventies Students",
        "Link": "https://campub.lib.uchicago.edu/view/?docId=mvol-0004-1978-0217;query=divest#page/4/mode/1up/search/divest",
        "Movement": "South Africa",
        "Actor": null,
        "Type of Action": "Letter Writing",
        "Target of action": "General",
        "Admin Response": null,
        "Notes": null,
        "Include": 1.0,
        "Placeholder": 1,
        "Year": 1978,
        "Day": 1739750400000
    },
    {
        "Administration": "Wilson",
        "Publication": "Maroon Archives",
        "Date of Event": 256521600000,
        "Source": "Oppose the trustees",
        "Link": "https://campub.lib.uchicago.edu/view/?docId=mvol-0004-1978-0217;query=divest#page/4/mode/1up/search/divest",
        "Movement": "South Africa",
        "Actor": "Action Committee on SA",
        "Type of Action": "Letter Writing",
        "Target of action": "General",
        "Admin Response": null,
        "Notes": null,
        "Include": 1.0,
        "Placeholder": 1,
        "Year": 1978,
        "Day": 1739750400000
    },
    {
        "Administration": "Wilson",
        "Publication": "Maroon Archives",
        "Date of Event": 255830400000,
        "Source": "As demonstrators\nmarch",
        "Link": "https://campub.lib.uchicago.edu/view/?docId=mvol-0004-1978-0210;query=divest#page/1/mode/1up",
        "Movement": "South Africa",
        "Actor": "Action Committee on SA",
        "Type of Action": "Protest",
        "Target of action": "General",
        "Admin Response": "Interview/forum",
        "Notes": "Including testimony from board members who had lived in S Africa",
        "Include": 1.0,
        "Placeholder": 1,
        "Year": 1978,
        "Day": 1739059200000
    },
    {
        "Administration": "Wilson",
        "Publication": "Maroon Archives",
        "Date of Event": 255657600000,
        "Source": "Is the University\nmaking money in S\nAfrica?",
        "Link": "https://campub.lib.uchicago.edu/view/?docId=mvol-0004-1978-0207;query=divest#page/2/mode/1up/search/divest",
        "Movement": "South Africa",
        "Actor": null,
        "Type of Action": "Research Report",
        "Target of action": "General",
        "Admin Response": null,
        "Notes": "Includes full figures, math, and data supplied by the Treasurer's Office",
        "Include": 1.0,
        "Placeholder": 1,
        "Year": 1978,
        "Day": 1738886400000
    },
    {
        "Administration": "Wilson",
        "Publication": "Maroon Archives",
        "Date of Event": 255052800000,
        "Source": "SG squashes S Africa\ndebate",
        "Link": "https://campub.lib.uchicago.edu/view/?docId=mvol-0004-1978-0203;query=divest#page/2/mode/1up",
        "Movement": "South Africa",
        "Actor": null,
        "Type of Action": "Pledge/Resolution",
        "Target of action": "General",
        "Admin Response": null,
        "Notes": null,
        "Include": 1.0,
        "Placeholder": 1,
        "Year": 1978,
        "Day": 1738281600000
    },
    {
        "Administration": "Wilson",
        "Publication": "Maroon Archives",
        "Date of Event": 255052800000,
        "Source": "UC and South Africa",
        "Link": "https://campub.lib.uchicago.edu/view/?docId=mvol-0004-1978-0131;query=divest#page/4/mode/1up/search/divest",
        "Movement": "South Africa",
        "Actor": null,
        "Type of Action": "Letter Writing",
        "Target of action": "General",
        "Admin Response": null,
        "Notes": null,
        "Include": 1.0,
        "Placeholder": 1,
        "Year": 1978,
        "Day": 1738281600000
    },
    {
        "Administration": "Wilson",
        "Publication": "Maroon Archives",
        "Date of Event": 254620800000,
        "Source": "News Briefs",
        "Link": "https://campub.lib.uchicago.edu/view/?docId=mvol-0004-1979-0213;query=divest#page/2/mode/1up",
        "Movement": "South Africa",
        "Actor": null,
        "Type of Action": "Protest",
        "Target of action": "Board of Trustees",
        "Admin Response": null,
        "Notes": null,
        "Include": 1.0,
        "Placeholder": 1,
        "Year": 1978,
        "Day": 1737849600000
    },
    {
        "Administration": "Wilson",
        "Publication": "Maroon Archives",
        "Date of Event": 253929600000,
        "Source": "Letter to Blair",
        "Link": "https://campub.lib.uchicago.edu/view/?docId=mvol-0004-1978-0113;query=divest#page/4/mode/1up/search/divest",
        "Movement": "South Africa",
        "Actor": "Action Committee on SA",
        "Type of Action": "Forum",
        "Target of action": "Board of Trustees",
        "Admin Response": null,
        "Notes": null,
        "Include": 1.0,
        "Placeholder": 1,
        "Year": 1978,
        "Day": 1737158400000
    },
    {
        "Administration": "Wilson",
        "Publication": "Maroon Archives",
        "Date of Event": 253497600000,
        "Source": "Letter to Blair",
        "Link": "https://campub.lib.uchicago.edu/view/?docId=mvol-0004-1978-0113;query=divest#page/4/mode/1up/search/divest",
        "Movement": "South Africa",
        "Actor": "Action Committee on SA",
        "Type of Action": "Letter Writing",
        "Target of action": "Board of Trustees",
        "Admin Response": null,
        "Notes": null,
        "Include": 1.0,
        "Placeholder": 1,
        "Year": 1978,
        "Day": 1736726400000
    },
    {
        "Administration": "Wilson",
        "Publication": "Maroon Archives",
        "Date of Event": 247881600000,
        "Source": "Transcript of press\nconference",
        "Link": "https://campub.lib.uchicago.edu/view/?docId=mvol-0004-1977-1111;query=divest#page/1/mode/1up",
        "Movement": "South Africa",
        "Actor": null,
        "Type of Action": null,
        "Target of action": null,
        "Admin Response": "Interview/forum",
        "Notes": null,
        "Include": 1.0,
        "Placeholder": 1,
        "Year": 1977,
        "Day": 1731110400000
    },
    {
        "Administration": "Wilson",
        "Publication": "Maroon Archives",
        "Date of Event": 247190400000,
        "Source": "UC has $50 million",
        "Link": "https://campub.lib.uchicago.edu/view/?docId=mvol-0004-1977-1101;query=divest#page/1/mode/1up",
        "Movement": "South Africa",
        "Actor": null,
        "Type of Action": null,
        "Target of action": null,
        "Admin Response": "Non-divestment support",
        "Notes": null,
        "Include": 1.0,
        "Placeholder": 1,
        "Year": 1977,
        "Day": 1730419200000
    },
    {
        "Administration": "Beadle",
        "Publication": "Maroon Archives",
        "Date of Event": -92620800000,
        "Source": "SDS Presents Appeal",
        "Link": "https://campub.lib.uchicago.edu/view/?docId=mvol-0004-1967-0127;query=continental%20illinois#page/1/mode/1up/search/continental+illinois",
        "Movement": "South Africa",
        "Actor": null,
        "Type of Action": "Protest",
        "Target of action": "Non-campus",
        "Admin Response": "Arrest/punish",
        "Notes": null,
        "Include": 1.0,
        "Placeholder": 1,
        "Year": 1967,
        "Day": 1737763200000
    },
    {
        "Administration": "Beadle",
        "Publication": "Maroon Archives",
        "Date of Event": -92707200000,
        "Source": "200 Picket Bank",
        "Link": "https://campub.lib.uchicago.edu/view/?docId=mvol-0004-1967-0124;query=continental%20illinois#page/1/mode/1up/search/continental+illinois",
        "Movement": "South Africa",
        "Actor": null,
        "Type of Action": "Protest",
        "Target of action": "Non-campus",
        "Admin Response": "Arrest/punish",
        "Notes": null,
        "Include": 1.0,
        "Placeholder": 1,
        "Year": 1967,
        "Day": 1737676800000
    }
]
